symbol,dir,entry,live_exit,bt_exit,live_pnl,bt_pnl,delta,legs,live_cat,bt_reason,div_type,regime,ts,note
AUDJPY,S,112.281,112.823,112.91166,-6.87,-30.1,23.23,1,SL_broker,SL,SLIPPAGE,low_vol,2026-05-05T12:00:18.211871+00:00,broker SL hit; BT also SL but at different price
AUDJPY,L,113.793,113.842,113.7931,0.94,0.0,0.94,2,SL_broker,SL,OK,low_vol,2026-05-11T14:53:10.132624+00:00,live SL ≈ BT SL
AUDUSD,S,0.71604,0.72038,0.71691,-4.34,-17.59,13.25,1,SL_broker,SL,TRAIL_LAG,low_vol,2026-05-06T02:07:35.286150+00:00,live SL trailed differently — exit-price gap 3.97× ATR
AUDUSD,L,0.72442,0.72461,0.72374,0.19,-3.8,3.99,1,SL_broker,SL,TRAIL_LAG,low_vol,2026-05-11T23:11:55.723878+00:00,live SL trailed differently — exit-price gap 1.28× ATR
AUDUSD,L,0.72495,0.72342,0.72326,-1.53,-4.37,2.84,1,EmergencyDD,SL,EXTERNAL_CLOSE,low_vol,2026-05-06T21:44:01.698359+00:00,portfolio DD kill; not in BT per-symbol
BTCUSD,S,76531.61,76893.44,77008.06705,0.18,-3.65,3.83,1,SL_broker,SL,SLIPPAGE,trending,2026-05-18T17:00:39.725873+00:00,broker SL hit; BT also SL but at different price
BTCUSD,S,76651.35,76487.93,76436.07477,0.44,1.28,-0.84,1,SL_broker,SL,OK,trending,2026-05-18T19:24:50.556305+00:00,live SL ≈ BT SL
BTCUSD,S,76793.15,76760.435,77399.49596,0.17,-3.66,3.83,2,SL_broker,SL,TRAIL_LAG,ranging,2026-05-19T05:50:02.715370+00:00,live SL trailed differently — exit-price gap 1.32× ATR
BTCUSD,S,76911.22,77279.96,76830.2223,-4.08,1.3,-5.38,2,SL_broker,SL,TRAIL_LAG,trending,2026-05-18T14:40:24.682366+00:00,live SL trailed differently — exit-price gap 1.18× ATR
BTCUSD,S,76930.28,77160.06,76824.42684,0.36,0.89,-0.53,1,SL_broker,SL,OK,trending,2026-05-18T04:08:14.766073+00:00,live SL ≈ BT SL
BTCUSD,S,76943.16,76856.86333,77351.26596,2.04,-3.57,5.61,3,SL_broker,SL,TRAIL_LAG,trending,2026-05-18T07:26:49.044614+00:00,live SL trailed differently — exit-price gap 1.51× ATR
BTCUSD,S,76966.04,76793.545,76888.56384,-2.52,0.63,-3.15,2,EarlyLossCut,SL,EXIT_MISMATCH,ranging,2026-05-19T19:32:50.628963+00:00,live cut at -2R/T1-T3 tier; BT lets it run to SL
BTCUSD,S,76987.28,76603.6425,76941.10089,1.66,0.26,1.4,4,SL_broker,SL,TRAIL_LAG,trending,2026-05-18T20:39:32.193954+00:00,live SL trailed differently — exit-price gap 0.64× ATR
BTCUSD,S,77105.3,77358.98,76964.8658,0.88,0.89,-0.01,1,SL_broker,SL,OK,trending,2026-05-18T03:03:02.945860+00:00,live SL ≈ BT SL
BTCUSD,S,77888.94,77983.705,78193.80524,-3.39,-3.57,0.18,2,EarlyLossCut,SL,EXIT_MISMATCH,low_vol,2026-05-17T05:11:16.110936+00:00,live cut at -2R/T1-T3 tier; BT lets it run to SL
BTCUSD,S,78056.78,78097.75,77989.50396,2.24,0.67,1.57,2,PeakGiveback,SL,EXIT_MISMATCH,trending,2026-05-16T12:13:49.926887+00:00,live peak-R giveback rule; not in BT
BTCUSD,S,79124.09,79482.36,78171.27318,-3.58,5.35,-8.93,1,EarlyLossCut,SL,EXIT_MISMATCH,trending,2026-05-15T20:35:51.064537+00:00,live cut at -2R/T1-T3 tier; BT lets it run to SL
BTCUSD,S,79309.92,79701.66,79137.63416,0.08,1.31,-1.23,1,SL_broker,SL,TRAIL_LAG,trending,2026-05-13T17:51:00.694957+00:00,live SL trailed differently — exit-price gap 1.43× ATR
BTCUSD,S,79358.11,79507.235,79129.78749,-1.17,1.85,-3.02,2,EarlyLossCut,SL,EXIT_MISMATCH,trending,2026-05-14T03:14:45.750940+00:00,live cut at -2R/T1-T3 tier; BT lets it run to SL
BTCUSD,S,79425.13,79788.14,79345.57155,-3.25,0.63,-3.88,1,SL_broker,SL,TRAIL_LAG,trending,2026-05-13T21:21:04.608411+00:00,live SL trailed differently — exit-price gap 1.18× ATR
BTCUSD,S,79462.98,79352.25,79383.42155,-4.27,0.63,-4.9,3,EarlyLossCut,SL,EXIT_MISMATCH,trending,2026-05-13T18:46:37.267194+00:00,live cut at -2R/T1-T3 tier; BT lets it run to SL
BTCUSD,S,79516.26,79418.17,79446.32234,0.07,0.44,-0.37,1,SL_broker,SL,OK,trending,2026-05-14T00:17:46.053059+00:00,live SL ≈ BT SL
BTCUSD,S,79606.95,79299.4,79482.72492,1.15,0.92,0.23,1,SL_broker,SL,OK,trending,2026-05-14T01:09:30.803801+00:00,live SL ≈ BT SL
BTCUSD,L,80980.53,80973.95667,80991.75077,-5.06,0.11,-5.17,3,EarlyLossCut,SL,EXIT_MISMATCH,low_vol,2026-05-13T13:11:42.641370+00:00,live cut at -2R/T1-T3 tier; BT lets it run to SL
BTCUSD,L,81256.7,80990.27,81256.7001,-2.67,0.0,-2.67,1,DailyKillSwitch,SL,EXTERNAL_CLOSE,low_vol,2026-05-13T09:52:35.652035+00:00,daily kill switch; not in BT
BTCUSD,L,81597.78,81332.69,80918.25431,3.22,-3.56,6.78,3,SL_broker,SL,TRAIL_LAG,trending,2026-05-14T18:00:38.607101+00:00,live SL trailed differently — exit-price gap 0.76× ATR
ETHUSD,S,2273.8289999999997,2270.59,2272.94919,-15.18,0.0,-15.18,1,SL_broker,SL,SLIPPAGE,trending,2026-04-28T16:12:01.796809+00:00,broker SL hit; BT also SL but at different price
ETHUSD,S,2287.53,2281.62333,2283.78573,1.05,0.0,1.05,3,SL_broker,SL,SLIPPAGE,volatile,2026-04-28T10:36:29.628216+00:00,broker SL hit; BT also SL but at different price
ETHUSD,S,2319.43,2273.63,2299.18247,8.44,0.0,8.44,1,SL_broker,SL,TRAIL_LAG,trending,2026-04-27T18:27:11.914009+00:00,live SL trailed differently — exit-price gap 1.89× ATR
ETHUSD,L,2329.505,2292.71,2334.84323,-2.21,2.79,-5.0,3,SL_broker,SL,TRAIL_LAG,trending,2026-04-29T16:45:30.609611+00:00,live SL trailed differently — exit-price gap 2.76× ATR
ETHUSD,S,2329.505,2319.03,2325.69198,-4.52,1.95,-6.47,3,SL_broker,SL,SLIPPAGE,trending,2026-04-29T07:32:30.313110+00:00,broker SL hit; BT also SL but at different price
ETHUSD,L,2332.2200000000003,2339.97,2326.13695,0.08,-3.85,3.93,1,SL_broker,SL,TRAIL_LAG,low_vol,2026-05-10T19:25:01.413690+00:00,live SL trailed differently — exit-price gap 2.27× ATR
ETHUSD,L,2346.61,2344.84,2347.75193,0.13,0.46,-0.33,1,SL_broker,SL,OK,trending,2026-05-10T23:33:10.051240+00:00,live SL ≈ BT SL
ETHUSD,L,2381.1475,2392.42,2366.13446,0.11,-0.0,0.11,1,SL_broker,SL,OK,trending,2026-05-06T12:32:57.747476+00:00,live SL ≈ BT SL
ETHUSD,L,2400.2583333333337,2366.376,2384.15628,-2.79,-8.75,5.96,5,EmergencyDD,SL,EXTERNAL_CLOSE,trending,2026-05-06T16:01:06.439076+00:00,portfolio DD kill; not in BT per-symbol
EURAUD,L,1.62436,1.62375,1.62093,-0.88,-8.94,8.06,1,EmergencyDD,SL,EXTERNAL_CLOSE,low_vol,2026-05-06T21:44:01.751684+00:00,portfolio DD kill; not in BT per-symbol
EURAUD,S,1.62453,1.62396,1.624,0.41,0.92,-0.51,1,SL_broker,SL,OK,low_vol,2026-05-11T19:42:42.708915+00:00,live SL ≈ BT SL
EURAUD,L,1.63156,1.62562,1.62873,-4.28,-21.6,17.32,1,SL_broker,SL,TRAIL_LAG,low_vol,2026-05-06T03:02:48.644103+00:00,live SL trailed differently — exit-price gap 2.20× ATR
EURGBP,S,0.8631566666666667,0.86321,0.86398,0.43,-0.0,0.43,1,SL_broker,SL,OK,low_vol,2026-05-06T10:34:24.275622+00:00,live SL ≈ BT SL
EURGBP,S,0.863525,0.86321,0.86342,1.27,4.81,-3.54,2,SL_broker,SL,SLIPPAGE,ranging,2026-05-05T20:05:12.207956+00:00,broker SL hit; BT also SL but at different price
EURJPY,L,186.736,186.809,186.77838,0.46,0.0,0.46,1,SL_broker,SL,OK,low_vol,2026-04-28T18:36:43.706044+00:00,live SL ≈ BT SL
EURJPY,L,186.949,186.9485,186.9491,0.23,0.0,0.23,2,SL_broker,SL,OK,ranging,2026-04-27T12:07:01.386303+00:00,live SL ≈ BT SL
EURJPY,L,187.14299999999997,186.9965,187.1829,-11.76,6.99,-18.75,6,SL_broker,SL,TRAIL_LAG,low_vol,2026-04-29T14:49:06.594353+00:00,live SL trailed differently — exit-price gap 1.40× ATR
EURJPY,L,187.24900000000002,187.184,187.29421,-2.68,4.94,-7.62,6,SL_broker,SL,TRAIL_LAG,low_vol,2026-04-29T17:00:20.474817+00:00,live SL trailed differently — exit-price gap 0.73× ATR
EURUSD,S,1.1673832608695651,1.16796,1.16728,-21.71,5.97,-27.68,12,SL_broker,SL,TRAIL_LAG,low_vol,2026-04-29T20:20:09.414168+00:00,live SL trailed differently — exit-price gap 0.64× ATR
EURUSD,S,1.16825,1.16908,1.16815,-0.56,0.43,-0.99,3,SL_broker,SL,OK,low_vol,2026-04-29T17:48:25.272692+00:00,live SL ≈ BT SL
EURUSD,S,1.169014761904762,1.16895,1.16891,5.61,0.63,4.98,6,TP_broker,SL,EXIT_MISMATCH,low_vol,2026-04-29T16:20:01.690619+00:00,live closed at fixed TP; BT trails open
EURUSD,S,1.16924,1.17094,1.16892,-0.85,2.27,-3.12,2,SL_broker,SL,TRAIL_LAG,low_vol,2026-05-04T20:17:21.368953+00:00,live SL trailed differently — exit-price gap 2.86× ATR
EURUSD,L,1.1707025,1.17079,1.16714,0.34,-0.0,0.34,3,SL_broker,SL,OK,low_vol,2026-04-28T19:42:09.165982+00:00,live SL ≈ BT SL
EURUSD,L,1.1709385714285714,1.17068,1.17254,-1.81,2.62,-4.43,3,SL_broker,SL,TRAIL_LAG,low_vol,2026-04-30T13:45:27.387541+00:00,live SL trailed differently — exit-price gap 1.05× ATR
EURUSD,L,1.17268,1.17226,1.17278,-2.94,0.14,-3.08,3,SL_broker,SL,SLIPPAGE,low_vol,2026-04-30T19:51:25.866050+00:00,broker SL hit; BT also SL but at different price
EURUSD,L,1.17452,1.17412,1.17144,-15.97,-0.0,-15.97,9,SL_broker,SL,TRAIL_LAG,low_vol,2026-04-27T11:20:30.890298+00:00,live SL trailed differently — exit-price gap 2.61× ATR
EURUSD,L,1.17755,1.17644,1.17513,6.63,-4.16,10.79,2,EmergencyDD,TIMEOUT,EXTERNAL_CLOSE,low_vol,2026-05-06T13:49:40.346865+00:00,portfolio DD kill; not in BT per-symbol
EURUSD,L,1.17793,1.17763,1.17495,0.51,-3.83,4.34,2,SL_broker,SL,TRAIL_LAG,low_vol,2026-05-11T19:42:18.397344+00:00,live SL trailed differently — exit-price gap 2.70× ATR
GBPJPY,S,212.694,212.692,213.36349,0.01,-0.0,0.01,1,SL_broker,SL,OK,low_vol,2026-05-06T20:22:52.822205+00:00,live SL ≈ BT SL
GBPJPY,S,212.714,213.065,213.12938,-4.25,-16.9,12.65,2,SL_broker,SL,SLIPPAGE,low_vol,2026-05-04T22:03:02.074398+00:00,broker SL hit; BT also SL but at different price
GBPJPY,L,213.94,213.483,213.57757,-2.91,-15.11,12.2,1,SL_broker,SL,SLIPPAGE,low_vol,2026-05-06T07:27:32.473172+00:00,broker SL hit; BT also SL but at different price
GBPJPY,L,214.307,214.1175,213.95208,1.59,-3.8,5.39,2,SL_broker,SL,TRAIL_LAG,low_vol,2026-05-11T21:24:50.528680+00:00,live SL trailed differently — exit-price gap 0.82× ATR
GBPJPY,L,215.925,215.84525,215.61593,5.0,-0.0,5.0,4,DailyKillSwitch,SL,EXTERNAL_CLOSE,ranging,2026-04-27T13:24:37.201692+00:00,daily kill switch; not in BT
GBPJPY,L,216.114,216.13233,216.1141,4.35,0.0,4.35,3,SL_broker,SL,SLIPPAGE,low_vol,2026-04-29T18:00:51.545972+00:00,broker SL hit; BT also SL but at different price
GBPJPY,L,216.52149999999997,216.256,216.18112,-2.44,-36.8,34.36,3,SL_broker,SL,SLIPPAGE,low_vol,2026-04-30T10:55:21.108272+00:00,broker SL hit; BT also SL but at different price
GBPUSD,S,1.346758823529412,1.34793,1.34913,2.74,-0.0,2.74,6,SL_broker,SL,TRAIL_LAG,low_vol,2026-04-28T13:18:42.506217+00:00,live SL trailed differently — exit-price gap 0.76× ATR
GBPUSD,S,1.34986,1.35025,1.34939,-20.95,38.05,-59.0,15,TP_broker,SL,EXIT_MISMATCH,low_vol,2026-04-29T09:00:18.031871+00:00,live closed at fixed TP; BT trails open
GBPUSD,L,1.35679,1.35476,1.35447,-3.44,-15.12,11.68,2,SL_broker,SL,SLIPPAGE,low_vol,2026-05-05T17:18:45.614221+00:00,broker SL hit; BT also SL but at different price
GBPUSD,L,1.35991,1.35946,1.36072,-3.85,2.92,-6.77,2,EmergencyDD,SL,EXTERNAL_CLOSE,low_vol,2026-05-06T18:06:34.435763+00:00,portfolio DD kill; not in BT per-symbol
GBPUSD,L,1.36285,1.36272,1.36007,8.32,-15.26,23.58,1,SL_broker,SL,TRAIL_LAG,low_vol,2026-05-06T11:57:14.770083+00:00,live SL trailed differently — exit-price gap 1.43× ATR
GER40.r,S,23836.226666666666,23836.40429,23836.22657,-7.7,0.0,-7.7,7,SL_broker,SL,SLIPPAGE,low_vol,2026-04-29T20:17:29.890003+00:00,broker SL hit; BT also SL but at different price
GER40.r,L,23908.88,23957.16,23908.8801,1.26,0.0,1.26,1,SL_broker,SL,SLIPPAGE,low_vol,2026-04-28T14:51:01.586701+00:00,broker SL hit; BT also SL but at different price
GER40.r,L,24066.38,24111.38,23958.08318,-18.97,-0.0,-18.97,1,GuardianStale,SL,EXTERNAL_CLOSE,low_vol,2026-04-27T17:51:19.057783+00:00,stale-loser guardian; not in BT
GER40.r,S,24066.38,24070.915,24044.72064,1.16,0.0,1.16,2,DailyKillSwitch,SL,EXTERNAL_CLOSE,low_vol,2026-04-27T18:12:57.703542+00:00,daily kill switch; not in BT
GER40.r,S,24126.33,24064.63,24079.48851,4.01,0.0,4.01,1,SL_broker,SL,SLIPPAGE,low_vol,2026-04-28T11:16:17.894464+00:00,broker SL hit; BT also SL but at different price
GER40.r,L,24160.02,24127.88,24160.0201,2.14,0.0,2.14,2,SL_broker,SL,SLIPPAGE,trending,2026-04-30T13:37:41.278424+00:00,broker SL hit; BT also SL but at different price
GER40.r,L,24272.83,24323.23,24128.14554,7.44,-0.0,7.44,1,SL_broker,SL,TRAIL_LAG,low_vol,2026-04-27T14:54:50.062764+00:00,live SL trailed differently — exit-price gap 2.70× ATR
JPN225ft,S,58804.18,59018.845,59450.54587,-11.55,-46.57,35.02,6,SL_broker,SL,TRAIL_LAG,low_vol,2026-04-29T17:12:41.214846+00:00,live SL trailed differently — exit-price gap 1.67× ATR
JPN225ft,L,59066.451428571425,59281.28667,59195.7246,-2.65,3.95,-6.6,6,SL_broker,SL,SLIPPAGE,low_vol,2026-04-29T14:48:45.489176+00:00,broker SL hit; BT also SL but at different price
JPN225ft,S,59267.88,59176.14,60010.62066,1.15,-0.0,1.15,1,SL_broker,SL,TRAIL_LAG,trending,2026-04-28T21:21:29.480337+00:00,live SL trailed differently — exit-price gap 2.81× ATR
JPN225ft,L,59367.13,59327.235,58840.53762,-2.66,-28.44,25.78,6,SL_broker,SL,TRAIL_LAG,trending,2026-04-29T04:11:07.496172+00:00,live SL trailed differently — exit-price gap 2.31× ATR
JPN225ft,S,59817.88,60524.29,60839.38496,-4.44,-3.76,-0.68,1,SL_broker,SL,OK,low_vol,2026-05-20T16:41:02.769817+00:00,live SL ≈ BT SL
JPN225ft,L,60298.38,60293.06,59828.55545,-0.1,-0.0,-0.1,3,SL_broker,SL,OK,ranging,2026-04-28T04:58:23.451831+00:00,live SL ≈ BT SL
JPN225ft,S,60732.88,61507.13,61684.53475,-4.88,-3.66,-1.22,1,EarlyLossCut,SL,EXIT_MISMATCH,trending,2026-05-18T14:41:59.911173+00:00,live cut at -2R/T1-T3 tier; BT lets it run to SL
JPN225ft,L,60802.13,60062.88,60265.03327,-4.64,-0.0,-4.64,1,DailyKillSwitch,SL,EXTERNAL_CLOSE,trending,2026-04-27T18:13:27.334303+00:00,daily kill switch; not in BT
JPN225ft,S,60892.88,60562.13,60700.29113,2.08,0.74,1.34,1,PeakGiveback,SL,EXIT_MISMATCH,low_vol,2026-05-19T19:03:26.800705+00:00,live peak-R giveback rule; not in BT
JPN225ft,S,61922.88,61772.13,61733.34242,0.95,0.71,0.24,1,PeakGiveback,SL,EXIT_MISMATCH,trending,2026-05-18T01:02:21.156687+00:00,live peak-R giveback rule; not in BT
JPN225ft,L,62864.53,62901.63,62318.79197,0.24,-3.79,4.03,1,SL_broker,SL,TRAIL_LAG,low_vol,2026-05-11T21:20:21.901814+00:00,live SL trailed differently — exit-price gap 2.67× ATR
JPN225ft,L,62977.13,63005.38,61932.23843,-1.54,-3.77,2.23,2,PeakGiveback,SL,EXIT_MISMATCH,trending,2026-05-13T12:31:41.108277+00:00,live peak-R giveback rule; not in BT
JPN225ft,L,63057.13,63132.88,63165.2602,0.48,0.74,-0.26,1,PeakGiveback,SL,EXIT_MISMATCH,trending,2026-05-13T18:50:21.899352+00:00,live peak-R giveback rule; not in BT
JPN225ft,L,63059.53,62566.78,62547.41181,-3.11,-3.55,0.44,1,SL_broker,SL,OK,trending,2026-05-15T03:41:44.129581+00:00,live SL ≈ BT SL
JPN225ft,L,63277.13,63222.88,62433.14449,0.32,-3.64,3.96,1,DailyKillSwitch,SL,EXTERNAL_CLOSE,trending,2026-05-13T09:52:35.603068+00:00,daily kill switch; not in BT
NAS100.r,L,27438.52,27447.26,27275.95219,1.75,-37.02,38.77,1,SL_broker,SL,TRAIL_LAG,low_vol,2026-04-30T22:53:24.337041+00:00,live SL trailed differently — exit-price gap 1.58× ATR
NAS100.r,L,27739.32,27709.79,27739.3201,0.42,0.0,0.42,2,DragonWeekendClose,SL,EXIT_MISMATCH,low_vol,2026-05-01T16:51:29.475688+00:00,weekend forced close; not in BT
NAS100.r,L,27943.7,27995.85,28187.55924,5.22,65.87,-60.65,1,SL_broker,SL,TRAIL_LAG,low_vol,2026-05-05T19:28:11.290225+00:00,live SL trailed differently — exit-price gap 2.52× ATR
NAS100.r,L,28066.8,28276.98,28438.67449,21.02,88.25,-67.23,1,SL_broker,SL,TRAIL_LAG,trending,2026-05-06T01:53:11.445398+00:00,live SL trailed differently — exit-price gap 2.36× ATR
SP500.r,S,7124.96,7107.58,7114.13371,0.39,0.0,0.39,1,SL_broker,SL,OK,low_vol,2026-04-23T13:20:44.269069+00:00,live SL ≈ BT SL
SP500.r,S,7139.083333333335,7132.09167,7139.08323,-2.42,0.0,-2.42,6,SL_broker,SL,SLIPPAGE,low_vol,2026-04-29T20:20:09.442124+00:00,broker SL hit; BT also SL but at different price
SP500.r,L,7148.53,7130.195,7105.84488,-1.0,-0.0,-1.0,2,GuardianDayLoss,SL,EXTERNAL_CLOSE,low_vol,2026-04-23T15:15:09.458378+00:00,daily-loss guardian; not in BT
SP500.r,S,7148.73,7129.28,7148.7299,1.23,0.0,1.23,1,SL_broker,SL,TRAIL_LAG,low_vol,2026-04-28T18:04:29.442139+00:00,live SL trailed differently — exit-price gap 1.20× ATR
SP500.r,L,7179.629999999999,7182.9,7140.64376,-9.87,-20.53,10.66,4,SL_broker,SL,TRAIL_LAG,low_vol,2026-04-30T16:10:13.667489+00:00,live SL trailed differently — exit-price gap 2.17× ATR
SP500.r,L,7182.529999999999,7186.54333,7188.16704,1.86,0.0,1.86,3,SL_broker,SL,SLIPPAGE,ranging,2026-04-27T20:23:32.221923+00:00,broker SL hit; BT also SL but at different price
SP500.r,L,7204.737142857143,7197.54833,7228.9232,5.58,19.88,-14.3,6,SL_broker,SL,TRAIL_LAG,low_vol,2026-04-30T19:16:18.263681+00:00,live SL trailed differently — exit-price gap 1.30× ATR
SP500.r,L,7247.89,7235.54833,7211.6854,-8.66,-49.41,40.75,12,SL_broker,SL,TRAIL_LAG,low_vol,2026-05-01T14:05:11.085079+00:00,live SL trailed differently — exit-price gap 1.32× ATR
SP500.r,S,7252.03,7249.44,7272.45111,-4.79,-15.12,10.33,1,SL_broker,SL,TRAIL_LAG,low_vol,2026-05-05T15:15:23.451204+00:00,live SL trailed differently — exit-price gap 2.25× ATR
SP500.r,L,7269.53,7277.03,7328.83611,1.5,43.4,-41.9,1,SL_broker,SL,TRAIL_LAG,low_vol,2026-05-05T23:41:00.742412+00:00,live SL trailed differently — exit-price gap 5.01× ATR
SP500.r,L,7360.88,7357.555,7371.59533,4.31,1.31,3.0,4,EmergencyDD,SL,EXTERNAL_CLOSE,low_vol,2026-05-06T19:47:00.601093+00:00,portfolio DD kill; not in BT per-symbol
SP500.r,L,7430.38,7400.65,7399.03582,-2.97,-10.48,7.51,1,SL_broker,SL,SLIPPAGE,low_vol,2026-05-12T04:39:10.627335+00:00,broker SL hit; BT also SL but at different price
UK100.r,S,10183.89,10235.055,10246.6058,-3.44,-30.27,26.83,2,SL_broker,SL,SLIPPAGE,trending,2026-05-05T15:26:41.277840+00:00,broker SL hit; BT also SL but at different price
UK100.r,S,10240.09,10223.34,10178.59,2.28,22.12,-19.84,1,SL_broker,TIMEOUT,TRAIL_LAG,ranging,2026-05-12T05:13:10.731732+00:00,live SL trailed differently — exit-price gap 2.55× ATR
UK100.r,S,10242.59,10284.32,10277.84673,-5.68,-7.85,2.17,1,SL_broker,SL,SLIPPAGE,low_vol,2026-05-11T16:30:20.130949+00:00,broker SL hit; BT also SL but at different price
UK100.r,S,10434.49,10437.51,10471.34432,-0.41,-5.25,4.84,1,EmergencyDD,SL,EXTERNAL_CLOSE,trending,2026-05-06T21:44:00.619964+00:00,portfolio DD kill; not in BT per-symbol
USDCAD,S,1.3552566666666668,1.35625,1.35645,-0.64,-12.31,11.67,3,SL_broker,SL,SLIPPAGE,low_vol,2026-05-01T15:29:15.460359+00:00,broker SL hit; BT also SL but at different price
USDCAD,S,1.3601680952380955,1.36123,1.36126,2.11,-0.0,2.11,1,SL_broker,SL,SLIPPAGE,low_vol,2026-04-27T13:18:01.266903+00:00,broker SL hit; BT also SL but at different price
USDCAD,S,1.36038,1.3607,1.36144,-21.14,-0.0,-21.14,21,SL_broker,SL,TRAIL_LAG,low_vol,2026-04-27T15:00:27.182167+00:00,live SL trailed differently — exit-price gap 0.69× ATR
USDCAD,S,1.3609152941176472,1.36377,1.36203,21.16,-0.0,21.16,2,TP_broker,SL,EXIT_MISMATCH,low_vol,2026-04-27T10:53:37.594056+00:00,live closed at fixed TP; BT trails open
USDCAD,S,1.360958,1.36118,1.36202,1.43,-0.0,1.43,6,SL_broker,SL,TRAIL_LAG,low_vol,2026-04-27T14:09:52.349233+00:00,live SL trailed differently — exit-price gap 0.79× ATR
USDCAD,S,1.3611999999999997,1.36155,1.3611,12.68,0.0,12.68,6,SL_broker,SL,SLIPPAGE,low_vol,2026-04-27T11:33:45.261352+00:00,broker SL hit; BT also SL but at different price
USDCAD,S,1.36139,1.36258,1.36257,18.97,-0.0,18.97,3,SL_broker,SL,SLIPPAGE,low_vol,2026-04-27T11:16:39.137925+00:00,broker SL hit; BT also SL but at different price
USDCAD,S,1.3616400000000002,1.36561,1.36154,-6.97,0.0,-6.97,9,SL_broker,SL,TRAIL_LAG,low_vol,2026-04-27T09:17:21.222965+00:00,live SL trailed differently — exit-price gap 3.51× ATR
USDCAD,L,1.36213,1.35815,1.36239,-2.93,3.1,-6.03,1,SL_broker,SL,TRAIL_LAG,low_vol,2026-05-06T11:52:09.709479+00:00,live SL trailed differently — exit-price gap 3.23× ATR
USDCAD,L,1.36403,1.36392,1.36307,1.92,-4.37,6.29,2,EmergencyDD,SL,EXTERNAL_CLOSE,low_vol,2026-05-06T21:44:01.969234+00:00,portfolio DD kill; not in BT per-symbol
USDCAD,L,1.3689,1.36678,1.36791,-1.55,-13.0,11.45,1,DragonReversal,SL,EXIT_MISMATCH,low_vol,2026-04-30T13:15:04.776969+00:00,opposite-signal close; not in BT
USDCHF,S,0.77734,0.77936,0.77931,-2.59,-11.5,8.91,1,SL_broker,SL,SLIPPAGE,low_vol,2026-05-12T00:04:30.115123+00:00,broker SL hit; BT also SL but at different price
USDCHF,S,0.77866,0.77884,0.77815,-0.23,0.68,-0.91,1,EmergencyDD,SL,EXTERNAL_CLOSE,low_vol,2026-05-06T21:44:02.048038+00:00,portfolio DD kill; not in BT per-symbol
USDCHF,L,0.78446,0.78058,0.78233,-4.97,-15.1,10.13,1,SL_broker,SL,TRAIL_LAG,low_vol,2026-05-06T07:30:41.550503+00:00,live SL trailed differently — exit-price gap 1.85× ATR
USDJPY,S,156.077,156.452,156.74644,-2.4,-4.37,1.97,1,EmergencyDD,SL,EXTERNAL_CLOSE,trending,2026-05-06T21:44:00.980887+00:00,portfolio DD kill; not in BT per-symbol
USDJPY,L,157.689,157.187,157.44896,-3.19,-18.12,14.93,1,SL_broker,SL,TRAIL_LAG,low_vol,2026-05-06T07:27:59.319473+00:00,live SL trailed differently — exit-price gap 1.64× ATR
USDJPY,L,159.087,158.865,158.83046,-1.4,-5.06,3.66,1,SL_broker,SL,SLIPPAGE,ranging,2026-05-18T22:01:48.097234+00:00,broker SL hit; BT also SL but at different price
USDJPY,L,159.66419999999997,159.66629,159.73238,-19.5,24.43,-43.93,7,SL_broker,SL,TRAIL_LAG,ranging,2026-04-29T09:09:04.580727+00:00,live SL trailed differently — exit-price gap 0.73× ATR
USDJPY,L,159.8457021276596,159.946,160.06974,22.6,57.58,-34.98,2,TP_broker,SL,EXIT_MISMATCH,low_vol,2026-04-29T15:39:07.707763+00:00,live closed at fixed TP; BT trails open
XAGUSD,S,71.783,71.647,71.94064,26.9,-39.78,66.68,2,SL_broker,SL,TRAIL_LAG,trending,2026-04-29T17:06:23.829393+00:00,live SL trailed differently — exit-price gap 0.56× ATR
XAGUSD,S,72.931,72.9785,73.13931,13.85,-0.0,13.85,4,SL_broker,SL,SLIPPAGE,volatile,2026-04-28T11:09:33.916570+00:00,broker SL hit; BT also SL but at different price
XAGUSD,L,73.31,73.312,73.58899,0.1,0.0,0.1,1,SL_broker,SL,OK,trending,2026-04-30T12:44:11.119389+00:00,live SL ≈ BT SL
XAGUSD,L,86.204,87.045,86.6776,3.65,7.67,-4.02,2,PeakGiveback,SL,EXIT_MISMATCH,volatile,2026-05-13T13:12:47.976990+00:00,live peak-R giveback rule; not in BT
XAGUSD,L,86.467,86.469,86.2342,0.1,-3.64,3.74,1,SL_broker,SL,SLIPPAGE,volatile,2026-05-13T09:52:35.544244+00:00,broker SL hit; BT also SL but at different price
XAGUSD,L,87.104,87.3455,88.69703,8.7,35.91,-27.21,2,SL_broker,SL,TRAIL_LAG,low_vol,2026-05-13T14:32:09.991719+00:00,live SL trailed differently — exit-price gap 1.53× ATR
XAGUSD,L,87.553,87.66967,87.28026,-25.55,-5.87,-19.68,3,EarlyLossCut,SL,EXIT_MISMATCH,volatile,2026-05-13T21:37:35.019591+00:00,live cut at -2R/T1-T3 tier; BT lets it run to SL
XAGUSD,L,88.185,86.77,87.90104,3.95,-4.79,8.74,2,SL_broker,SL,TRAIL_LAG,low_vol,2026-05-13T14:54:24.574932+00:00,live SL trailed differently — exit-price gap 1.19× ATR
XAUUSD,S,4483.12,4482.7,4497.03612,0.42,-5.11,5.53,1,SL_broker,SL,TRAIL_LAG,trending,2026-05-19T23:01:44.316777+00:00,live SL trailed differently — exit-price gap 0.72× ATR
XAUUSD,S,4494.73,4495.7,4484.92462,3.68,2.73,0.95,2,SL_broker,SL,OK,low_vol,2026-05-19T17:00:53.406317+00:00,live SL ≈ BT SL
XAUUSD,S,4567.92,4569.86667,4579.47278,-13.67,-19.9,6.23,3,SL_broker,SL,TRAIL_LAG,low_vol,2026-04-29T12:18:23.213780+00:00,live SL trailed differently — exit-price gap 0.58× ATR
XAUUSD,S,4576.49,4567.27,4567.94977,2.4,1.8,0.6,2,SL_broker,SL,OK,trending,2026-05-15T09:00:24.993491+00:00,live SL ≈ BT SL
XAUUSD,L,4620.24,4618.02,4604.80031,21.54,-23.52,45.06,3,SL_broker,SL,TRAIL_LAG,trending,2026-04-30T10:51:13.349155+00:00,live SL trailed differently — exit-price gap 0.60× ATR
XAUUSD,L,4643.96,4624.5,4625.82312,-19.46,-19.34,-0.12,1,SL_broker,SL,OK,trending,2026-05-01T21:02:46.152537+00:00,live SL ≈ BT SL
XAUUSD,S,4685.03,4698.57,4697.21176,5.07,-3.77,8.84,2,SL_broker,SL,SLIPPAGE,ranging,2026-05-13T13:06:46.532366+00:00,broker SL hit; BT also SL but at different price
XAUUSD,L,4686.21,4692.88,4688.97308,-11.03,0.77,-11.8,1,EarlyLossCut,SL,EXIT_MISMATCH,low_vol,2026-05-14T16:21:36.747644+00:00,live cut at -2R/T1-T3 tier; BT lets it run to SL
XAUUSD,S,4686.21,4689.72167,4700.02541,-23.67,-7.68,-15.99,6,EarlyLossCut,SL,EXIT_MISMATCH,low_vol,2026-05-14T17:18:55.448690+00:00,live cut at -2R/T1-T3 tier; BT lets it run to SL
XAUUSD,S,4686.52,4679.81,4696.36596,1.21,-3.8,5.01,2,SL_broker,SL,TRAIL_LAG,low_vol,2026-05-13T16:34:57.469114+00:00,live SL trailed differently — exit-price gap 1.18× ATR
XAUUSD,L,4686.83,4696.74,4675.50443,1.83,-6.41,8.24,2,SL_broker,SL,TRAIL_LAG,low_vol,2026-05-13T20:23:30.672693+00:00,live SL trailed differently — exit-price gap 1.31× ATR
XAUUSD,S,4686.83,4695.15,4684.56489,-8.32,1.29,-9.61,1,EarlyLossCut,SL,EXIT_MISMATCH,low_vol,2026-05-14T01:17:51.253685+00:00,live cut at -2R/T1-T3 tier; BT lets it run to SL
XAUUSD,S,4687.14,4702.23,4698.01817,0.02,-0.0,0.02,1,SL_broker,SL,OK,low_vol,2026-05-13T14:51:03.009437+00:00,live SL ≈ BT SL
XAUUSD,S,4691.96,4686.5,4691.9599,0.02,0.0,0.02,1,SL_broker,SL,OK,low_vol,2026-05-13T18:19:06.980251+00:00,live SL ≈ BT SL
XAUUSD,S,4699.69,4685.81,4697.10247,1.33,1.24,0.09,1,SL_broker,SL,OK,low_vol,2026-05-13T17:38:42.491698+00:00,live SL ≈ BT SL
